<?xml version="1.0" encoding="UTF-8" standalone="yes"?>
<addon id="plugin.video.wltvhelper" name="World Live TV" version="1.2.10" provider-name="WLTV Group">
	<requires>
		<import addon="xbmc.python" version="3.0.0"/>
		<import addon="script.module.requests" version="2.12.4"/>
		<import addon="script.module.routing" version="0.2.0"/>
		<import addon="script.module.inputstreamhelper" version="0.5.2"/>
	</requires>
	<extension point="xbmc.python.pluginsource" library="default.py">
		<provides>video</provides>
	</extension>
	<extension point="kodi.context.item">
		<menu id="kodi.core.main">
			<item library="switch.py">
				<label>30129</label>
				<visible>!String.IsEmpty(ListItem.ChannelName)</visible>
			</item>
			<item library="worldtvonpvr.py">
				<label>30125</label>
				<visible>String.Contains(ListItem.FolderPath, "switchlist")</visible>
			</item>
		</menu>
	</extension>
	<extension point="xbmc.addon.metadata">
		<platform>all</platform>
		<summary lang="en">World Live TV - for free IPTV channel and radio</summary>
		<assets>
			<icon>resources/images/wltv-logo.gif</icon>
			<fanart>resources/images/wltv-background.png</fanart>
			<screenshot>resources/images/screen1.png</screenshot>
			<screenshot>resources/images/screen2.png</screenshot>
			<screenshot>resources/images/screen3.png</screenshot>
		</assets>
		<news>
			hotfix v 12117
			- fix cilentano
			- added zerounocast
			- fix wimtv helper
			- improved generics broadcaster
			hotfix v 12116
			- fix check url availability
			- fix Youtube live
			hotfix v 12115
			- fix MondoCalcio
			- fix EPG download
			- fix Mediaset
			- fix Youtube live
			- improvement on Rai
			- improve check url or path existing
			- added timeoutpath
			hotfix v 12114
			- add wedotv
			- fix saiuz
			hotfix v 12113
			- fix saiuz
			- fix discovery
			hotfix v 12112
			- fix supertennis
			hotfix v 12111
			- saiuz upgrade
			- paramount cleanup
			hotfix v 12110
			- fix acisport
			- fix saiuz
			- fix vh1
			hotfix v 12109
			- fix Rai audio buzz
			- fix MondoCalcio
			hotfix v 12108
			- some Rai where not in full hd if available
			- fix youtube broadcaster
			hotfix v 12107
			- youtube broadcaster refactoring
			- added manifest_headers IA management
			- minor code refactoring and cleanup
			hotfix v 12106
			- update USER_AGENT
			- added def getBroadcaster function
			- discovery broadcaster refactoring
			- added telelombardia broadcaster
			hotfix v 12105
			- fix some rai channels
			hotfix v 12104
			- rai in hd
			- rai delay in settings
			hotfix v 12103
			- fix rai buzz
			- fix sh101
			- fix some channel youtube
			- fix saiuz
			- fix xdevel
			- fix mediasport
			- fix cilentano telesardegna canale58
			v 1.2.10
			- Minor fix
			- Added rlaxxtv broadcaster
			- check Addon installation
			- Fix xbox pvr settings
			- Fix pvr settings with version lower than 20.8.0
			- Fix Saiuz broadcaster
			- Fix paramount broadcaster
			- Another fix for kodi 19 and kodi 20 PVR
			- Mod to try set list and restart PVR Simple Client
			- Fix PVR change/set list issue
			- Multi link in player
			- Reverted Years order in list manager
			- Improved RAI TGR Choice on settings
			- fix mediaset GF
			- Improved Import lists
			- Minor code refactoring
			- Fix bug on Vod search
			- Translations
			- Improved server offline switch
			- Import user lists from url (skip same name list)
			- Fix Kodi 20 skin issue in list management
			- Fix SportItalia
			v 1.2.9
			- Fix Rai TGR
			- Choose Rai3 Region to show TRG directly from region
			- Improved Rai
			- Improved UserList Management
			v 1.2.8
			- User List improvement
			- Subtitle management
			- Code cleanup
			- Broadcaster import check
			- Video url not found management
			- YT url decode parameter
			- Implemented hbbtv search on Rai
			- Reset group selection in userlist
			- Fix mediasport
			v 1.2.7
			- fix Youtube Channel
			- add vimeo events and video broadcaster
			- add koper broadcaster
			- new Mediaset routine
			v 1.2.6
			- added playablemediaitem concept
			- improved playlist manager
			- fix gzip downloaded list
			- added new icons
			v 1.2.5
			- increase timeout on checkServerOnLine
			- new internal emergency list
			- new message and lists offline management if server offline
			- new setting isBeta and setting visibility based on that
			- internal list navigation if is enabled
			- youtube section sort as on youtube web site
			- libreelec fix unitedradio icon view
			- libreelec fix log view
			v 1.2.4
			- fix xbox issue
			- fix xmltodict dependency on certain devices
			- rakutentv
			- international radios
			- fix m3u corrupted list parse
			- fix world tv continent icons
			- fix encoding on vod management
			- minor refactoring
			- fix get static files
			v 1.2.1-1.2.3
			- various fixes
			v 1.2.0
			- Code refactoring and cleanup
			- Add User List Maker and management
			- Add Playlist VOD Manager
			- Add Search in each UserList
			- Add Global Search throw all UserList
			- Add sent to PVR only Live of User PlayList
			- Various fixes
			v 1.2.1
			- Fix Mediaset
			- New broadcasters
			- Various minor fix
			v 1.2.2
			- Minor code cleanup and fix
			v 1.2.3
			- Minor code cleanup and fix
			- Pass 2 https
			- M3UParser improvements
		</news>
		<description lang="it"></description>
		<disclaimer></disclaimer>
		<platform>all</platform>
		<license>GNU GPL v3</license>
		<forum>https://t.me/worldlivetv</forum>
		<website>https://WorldLiveTV.github.io/</website>
		<source></source>
	</extension>
</addon>
