<?xml version="1.0" encoding="UTF-8" standalone="yes"?>
<addon id="plugin.video.kodilivetv" name="Kodi Live TV" version="2.6.3" provider-name="KLTV">
  <requires>
    <import addon="xbmc.python" version="2.5.0"/>
    <import addon="xbmc.addon" version="13.0.0" />
    <import addon="script.module.requests" version="2.9.1" />
    <import addon="script.module.simplejson" version="3.3.0" />
    <import addon="script.module.beautifulsoup4" version="4.3.2"/>
    <import addon="script.module.html5lib" version="0.999.0"/>
  </requires>
  <extension point="xbmc.python.pluginsource" library="default.py">
        <provides>video audio</provides>
  </extension>
  <extension point="xbmc.addon.metadata">
    <summary lang="en">Kodi Live TV - downloaded for free from: http://t.me/kodilivetv</summary>
    <description lang="en">Kodi Live TV - downloaded for free from: http://t.me/kodilivetv
Plugin to watch IPTV free worldwide

f4m Proxy part is fork of f4mProxy by Shani
Teleboy part is fork of Teleboy Live TV addon by Andreas Wetzel
Mediaset script for live Mediaset channel by kodi-bino (Mediaset Play)
    </description>
    <platform>all</platform>
  </extension>
</addon>
