<?xml version="1.0" encoding="UTF-8" standalone="yes"?>
<addon id="plugin.video.wltvhelper"
       name="World Live TV"
       version="1.2.12"
       provider-name="WLTV Group">
  <requires>
    <import addon="xbmc.python" version="3.0.0"/>
    <import addon="script.module.requests" version="2.12.4"/>
    <!--<import addon="script.module.pyqrcode" version="1.2.1+matrix.1"/>-->
    <import addon="script.module.routing" version="0.2.0"/>
    <import addon="script.module.inputstreamhelper" version="0.5.2"/>
  </requires>
  <extension point="xbmc.python.pluginsource" library="default.py">
    <provides>video</provides>
  </extension>
  <extension point="kodi.context.item">
    <menu id="kodi.core.main">
      <item library="switch.py">
        <label>30129</label>
        <visible>!String.IsEmpty(ListItem.ChannelName)</visible>
      </item>
      <item library="worldtvonpvr.py">
        <label>30125</label>
        <visible>String.Contains(ListItem.FolderPath, "switchlist")</visible>
      </item>
    </menu>
  </extension>
  <extension point="xbmc.addon.metadata">
    <platform>all</platform>

    <summary lang="it_IT">Canali TV e radio gratuiti del DTT e del Web</summary>
    <description lang="it_IT">I canali radio e tv in diretta del DTT e del Web compresi i regionali a portata di mano nella sezione TV di Kodi, la guida TV degli ultimi 7 giorni per i principali canali TV, molti canali internazionali allinterno dell'addon e, molto altro...
    </description>

    <summary lang="en_GB">Free DTT and Web TV and radio channels</summary>
    <description lang="en_GB">Live radio and TV channels from DTT and the Web including regional ones at your fingertips in the Kodi TV section, the last 7 days TV guide for the main TV channels, many international channels within the addon and, much more...
    </description>

    <assets>
      <icon>resources/images/wltv-logo.gif</icon>
      <fanart>resources/images/wltv-background.png</fanart>
      <screenshot>resources/images/screen1.png</screenshot>
      <screenshot>resources/images/screen2.png</screenshot>
      <screenshot>resources/images/screen3.png</screenshot>
    </assets>
    <news>
      hotfix 1.2.12.08
      - fix for some skyline webcams
      - fix addMenuItem icons
      - fix bozz
      - functions improvement
      - added restream helper, teletruria, 50canale
      hotfix 1.2.12.07
      - fix supertennis
      - fix server epg KO
      - unitedmusic disabled
      - catch error on installWidevine with message
      hotfix 1.2.12.06
      - title on Rai TGR
      - fix BikeChannel
      - fix Pluto
      hotfix 1.2.12.05
      - fix webcam
      hotfix 1.2.12.04
      - fix rsi
      hotfix 1.2.12.03
      - added check if is in italy functions
      - fix discovery bug
      - refactoring header origin and referer
      hotfix 1.2.12.02
      - improved Inputstream adaptive settings
      - fix rai TGR
      - improved Rai
      - check unsupported kodi version
      - code refactoring on la7 and mediaset
      hotfix 121201
      - fix kodi 20 compatibility
      - force reload epg function
      - code refactoring for listswitch
      v 1.2.12
      - No AI MediaType
      - Improved Stream and Manifest Headers management for IA
      - Improved Rai drm management
      - Fix discovery
      - Fix WLTV Instance not found
      - Force reload epg function
      - Code refactoring for listswitch
      - Log on mediaset
      - Improved check epg file validity
    </news>
    <disclaimer></disclaimer>
    <platform>all</platform>
    <license>GPL-3.0-or-later</license>
    <forum>https://t.me/worldlivetv</forum>
    <website>https://WorldLiveTV.github.io/</website>
    <source></source>
  </extension>
</addon>
