<?xml version="1.0" encoding="UTF-8" standalone="yes"?>
<addon id="repository.wltv" name="WorldLiveTV Addon Repository" version="1.0.0" provider-name="WLTV">
	<extension point="xbmc.addon.repository" name="WorldLiveTV Addon Repository">
		<dir>
			<info compressed="false">https://WorldLiveTV.github.io/repo/addons.xml</info>
			<checksum>https://WorldLiveTV.github.io/repo/addons.xml.md5</checksum>
			<datadir zip="true">https://WorldLiveTV.github.io/repo/</datadir>
			<hashes>true</hashes>
		</dir>
	</extension>
	<extension point="xbmc.addon.metadata">
		<summary>WorldLiveTV Repository</summary>
		<description>The official repo of WorldLiveTV (ex KodiLiveTV).</description>
		<disclaimer>WorldLiveTV did not make all the add-ons in this repository and is not responsible for their content.</disclaimer>
		<platform>all</platform>
		<forum>https://t.me/kodilivetv</forum>
		<telegram>https://t.me/kodilivetv</telegram>
		<website>https://WorldLiveTV.github.io/</website>
	</extension>
</addon>
